<?xml version="1.0" encoding="UTF-8"?>
<project-private xmlns="http://www.netbeans.org/ns/project-private/1">
    <data xmlns="http://www.netbeans.org/ns/make-project-private/1">
        <activeConfTypeElem>1</activeConfTypeElem>
        <activeConfIndexElem>0</activeConfIndexElem>
    </data>
    <editor-bookmarks xmlns="http://www.netbeans.org/ns/editor-bookmarks/2" lastBookmarkId="0"/>
    <open-files xmlns="http://www.netbeans.org/ns/projectui-open-files/2">
        <group>
            <file>rfs://root@192.168.1.104:22/root/NetBeansProjects/lidar4/include/IMU/IMU.h</file>
            <file>rfs://root@192.168.1.104:22/root/NetBeansProjects/lidar4/main.cpp</file>
            <file>rfs://root@192.168.1.104:22/root/NetBeansProjects/lidar4/include/coordinate%5F%73%79%73%2E%68</file>
            <file>rfs://root@192.168.1.104:22/root/NetBeansProjects/lidar4/include/motor.cpp</file>
            <file>rfs://root@192.168.1.104:22/root/NetBeansProjects/lidar4/include/motor.h</file>
        </group>
    </open-files>
</project-private>
